{
    "accuracy": 0.5598290598290598,
    "precision": 0.442008486562942,
    "recall": 0.4890453834115806,
    "f1": 0.46433878157503716,
    "roc_auc": 0.5636187831023511
}