{
    "accuracy": 0.6501831501831502,
    "precision": 0.5523809523809524,
    "recall": 0.5446009389671361,
    "f1": 0.5484633569739953,
    "roc_auc": 0.6959075664083488
}