{
    "accuracy": 0.5744810744810744,
    "precision": 0.4595536959553696,
    "recall": 0.5156494522691706,
    "f1": 0.4859882005899705,
    "roc_auc": 0.5630524891088272
}