{
    "accuracy": 0.5735653235653235,
    "precision": 0.4552967693463561,
    "recall": 0.47417840375586856,
    "f1": 0.4645458029896512,
    "roc_auc": 0.5774040864025214
}