{
    "accuracy": 0.6135531135531136,
    "precision": 0.5044313146233382,
    "recall": 0.5344287949921753,
    "f1": 0.5189969604863222,
    "roc_auc": 0.6552522788829518
}