{
    "accuracy": 0.5924908424908425,
    "precision": 0.48059904697072836,
    "recall": 0.5524256651017214,
    "f1": 0.5140152894066254,
    "roc_auc": 0.6219376653648954
}