{
    "accuracy": 0.637057387057387,
    "precision": 0.5353455123113582,
    "recall": 0.5273865414710485,
    "f1": 0.53133622388648,
    "roc_auc": 0.6722614633412756
}