{
    "accuracy": 0.4984737484737485,
    "precision": 0.38586616635397125,
    "recall": 0.48278560250391234,
    "f1": 0.4289190128606187,
    "roc_auc": 0.4954825717736515
}