{
    "accuracy": 0.6623931623931624,
    "precision": 0.5793357933579336,
    "recall": 0.49139280125195617,
    "f1": 0.5317527519051651,
    "roc_auc": 0.690352911597043
}