{
    "accuracy": 0.4981684981684982,
    "precision": 0.3914590747330961,
    "recall": 0.5164319248826291,
    "f1": 0.44534412955465585,
    "roc_auc": null
}