{
    "accuracy": 0.5167887667887668,
    "precision": 0.39702903443619175,
    "recall": 0.460093896713615,
    "f1": 0.4262413918086263,
    "roc_auc": 0.5042483798352343
}