{
    "accuracy": 0.6401098901098901,
    "precision": 0.5355348169418521,
    "recall": 0.5837245696400626,
    "f1": 0.5585922875327592,
    "roc_auc": 0.6791259177800649
}