{
    "accuracy": 0.637057387057387,
    "precision": 0.5332834704562454,
    "recall": 0.5579029733959311,
    "f1": 0.5453154875717017,
    "roc_auc": 0.6817741058742623
}