{
    "accuracy": 0.6242368742368742,
    "precision": 0.6103286384976526,
    "recall": 0.10172143974960876,
    "f1": 0.1743796109993293,
    "roc_auc": 0.5666999158783197,
    "confusion_matrix": [
        [
            1915,
            83
        ],
        [
            1148,
            130
        ]
    ],
    "classification_report": {
        "0": {
            "precision": 0.6252040483186418,
            "recall": 0.9584584584584585,
            "f1-score": 0.7567674372653626,
            "support": 1998.0
        },
        "1": {
            "precision": 0.6103286384976526,
            "recall": 0.10172143974960876,
            "f1-score": 0.1743796109993293,
            "support": 1278.0
        },
        "accuracy": 0.6242368742368742,
        "macro avg": {
            "precision": 0.6177663434081473,
            "recall": 0.5300899491040336,
            "f1-score": 0.46557352413234593,
            "support": 3276.0
        },
        "weighted avg": {
            "precision": 0.6194010038280361,
            "recall": 0.6242368742368742,
            "f1-score": 0.5295721863593825,
            "support": 3276.0
        }
    }
}