{
    "accuracy": 0.5662393162393162,
    "precision": 0.3997194950911641,
    "recall": 0.22300469483568075,
    "f1": 0.2862882973380211,
    "roc_auc": 0.6978962530605721,
    "confusion_matrix": [
        [
            1570,
            428
        ],
        [
            993,
            285
        ]
    ],
    "classification_report": {
        "0": {
            "precision": 0.6125634022629731,
            "recall": 0.7857857857857858,
            "f1-score": 0.6884455163341372,
            "support": 1998.0
        },
        "1": {
            "precision": 0.3997194950911641,
            "recall": 0.22300469483568075,
            "f1-score": 0.2862882973380211,
            "support": 1278.0
        },
        "accuracy": 0.5662393162393162,
        "macro avg": {
            "precision": 0.5061414486770686,
            "recall": 0.5043952403107332,
            "f1-score": 0.48736690683607914,
            "support": 3276.0
        },
        "weighted avg": {
            "precision": 0.5295308890256191,
            "recall": 0.5662393162393162,
            "f1-score": 0.5315600078246633,
            "support": 3276.0
        }
    }
}