{
    "accuracy": 0.583943833943834,
    "precision": 0.46733282090699463,
    "recall": 0.4757433489827856,
    "f1": 0.47150058162078323,
    "roc_auc": 0.5644482510679694,
    "confusion_matrix": [
        [
            1305,
            693
        ],
        [
            670,
            608
        ]
    ],
    "classification_report": {
        "0": {
            "precision": 0.660759493670886,
            "recall": 0.6531531531531531,
            "f1-score": 0.656934306569343,
            "support": 1998.0
        },
        "1": {
            "precision": 0.46733282090699463,
            "recall": 0.4757433489827856,
            "f1-score": 0.47150058162078323,
            "support": 1278.0
        },
        "accuracy": 0.583943833943834,
        "macro avg": {
            "precision": 0.5640461572889404,
            "recall": 0.5644482510679694,
            "f1-score": 0.5642174440950631,
            "support": 3276.0
        },
        "weighted avg": {
            "precision": 0.5853018356146427,
            "recall": 0.583943833943834,
            "f1-score": 0.5845947765069928,
            "support": 3276.0
        }
    }
}