{
    "accuracy": 0.6208791208791209,
    "precision": 0.5338345864661654,
    "recall": 0.2222222222222222,
    "f1": 0.3138121546961326,
    "roc_auc": 0.5849961855439164,
    "confusion_matrix": [
        [
            1750,
            248
        ],
        [
            994,
            284
        ]
    ],
    "classification_report": {
        "0": {
            "precision": 0.6377551020408163,
            "recall": 0.8758758758758759,
            "f1-score": 0.7380851961197806,
            "support": 1998.0
        },
        "1": {
            "precision": 0.5338345864661654,
            "recall": 0.2222222222222222,
            "f1-score": 0.3138121546961326,
            "support": 1278.0
        },
        "accuracy": 0.6208791208791209,
        "macro avg": {
            "precision": 0.5857948442534908,
            "recall": 0.549049049049049,
            "f1-score": 0.5259486754079566,
            "support": 3276.0
        },
        "weighted avg": {
            "precision": 0.5972146811298261,
            "recall": 0.6208791208791209,
            "f1-score": 0.5725720865534124,
            "support": 3276.0
        }
    }
}