{
    "accuracy": 0.659035409035409,
    "precision": 0.6251944012441679,
    "recall": 0.3145539906103286,
    "f1": 0.4185320145757418,
    "roc_auc": 0.6449336660604266,
    "confusion_matrix": [
        [
            1757,
            241
        ],
        [
            876,
            402
        ]
    ],
    "classification_report": {
        "0": {
            "precision": 0.6672996581845804,
            "recall": 0.8793793793793794,
            "f1-score": 0.7587993953789678,
            "support": 1998.0
        },
        "1": {
            "precision": 0.6251944012441679,
            "recall": 0.3145539906103286,
            "f1-score": 0.4185320145757418,
            "support": 1278.0
        },
        "accuracy": 0.659035409035409,
        "macro avg": {
            "precision": 0.6462470297143741,
            "recall": 0.5969666849948541,
            "f1-score": 0.5886657049773548,
            "support": 3276.0
        },
        "weighted avg": {
            "precision": 0.6508739810265074,
            "recall": 0.659035409035409,
            "f1-score": 0.6260577248458411,
            "support": 3276.0
        }
    }
}