{
    "accuracy": 0.6410256410256411,
    "precision": 0.5548387096774193,
    "recall": 0.40375586854460094,
    "f1": 0.4673913043478261,
    "roc_auc": 0.6242488576213145,
    "confusion_matrix": [
        [
            1584,
            414
        ],
        [
            762,
            516
        ]
    ],
    "classification_report": {
        "0": {
            "precision": 0.6751918158567775,
            "recall": 0.7927927927927928,
            "f1-score": 0.7292817679558011,
            "support": 1998.0
        },
        "1": {
            "precision": 0.5548387096774193,
            "recall": 0.40375586854460094,
            "f1-score": 0.4673913043478261,
            "support": 1278.0
        },
        "accuracy": 0.6410256410256411,
        "macro avg": {
            "precision": 0.6150152627670984,
            "recall": 0.5982743306686968,
            "f1-score": 0.5983365361518136,
            "support": 3276.0
        },
        "weighted avg": {
            "precision": 0.6282408788307642,
            "recall": 0.6410256410256411,
            "f1-score": 0.6271157079768659,
            "support": 3276.0
        }
    }
}