{
    "accuracy": 0.6541514041514042,
    "precision": 0.5845974329054843,
    "recall": 0.392018779342723,
    "f1": 0.46932084309133487,
    "roc_auc": 0.6630025957099509,
    "confusion_matrix": [
        [
            1642,
            356
        ],
        [
            777,
            501
        ]
    ],
    "classification_report": {
        "0": {
            "precision": 0.6787928896238115,
            "recall": 0.8218218218218218,
            "f1-score": 0.7434910572786959,
            "support": 1998.0
        },
        "1": {
            "precision": 0.5845974329054843,
            "recall": 0.392018779342723,
            "f1-score": 0.46932084309133487,
            "support": 1278.0
        },
        "accuracy": 0.6541514041514042,
        "macro avg": {
            "precision": 0.6316951612646479,
            "recall": 0.6069203005822724,
            "f1-score": 0.6064059501850154,
            "support": 3276.0
        },
        "weighted avg": {
            "precision": 0.6420463103545739,
            "recall": 0.6541514041514042,
            "f1-score": 0.6365345451506594,
            "support": 3276.0
        }
    }
}