{
    "accuracy": 0.6098901098901099,
    "precision": 0.5,
    "recall": 0.001564945226917058,
    "f1": 0.0031201248049922,
    "roc_auc": 0.4992907618103236,
    "confusion_matrix": [
        [
            1996,
            2
        ],
        [
            1276,
            2
        ]
    ],
    "classification_report": {
        "0": {
            "precision": 0.6100244498777506,
            "recall": 0.998998998998999,
            "f1-score": 0.7574952561669829,
            "support": 1998.0
        },
        "1": {
            "precision": 0.5,
            "recall": 0.001564945226917058,
            "f1-score": 0.0031201248049922,
            "support": 1278.0
        },
        "accuracy": 0.6098901098901099,
        "macro avg": {
            "precision": 0.5550122249388754,
            "recall": 0.500281972112958,
            "f1-score": 0.38030769048598756,
            "support": 3276.0
        },
        "weighted avg": {
            "precision": 0.5671028238265402,
            "recall": 0.6098901098901099,
            "f1-score": 0.4632060565697228,
            "support": 3276.0
        }
    }
}