{
    "accuracy": 0.6694139194139194,
    "precision": 0.6453055141579732,
    "recall": 0.33881064162754304,
    "f1": 0.44433042585941507,
    "roc_auc": 0.6853385075216062,
    "confusion_matrix": [
        [
            1760,
            238
        ],
        [
            845,
            433
        ]
    ],
    "classification_report": {
        "0": {
            "precision": 0.6756238003838771,
            "recall": 0.8808808808808809,
            "f1-score": 0.7647186617423419,
            "support": 1998.0
        },
        "1": {
            "precision": 0.6453055141579732,
            "recall": 0.33881064162754304,
            "f1-score": 0.44433042585941507,
            "support": 1278.0
        },
        "accuracy": 0.6694139194139194,
        "macro avg": {
            "precision": 0.6604646572709252,
            "recall": 0.609845761254212,
            "f1-score": 0.6045245438008785,
            "support": 3276.0
        },
        "weighted avg": {
            "precision": 0.6637963370759695,
            "recall": 0.6694139194139194,
            "f1-score": 0.6397320422495518,
            "support": 3276.0
        }
    }
}