{
    "accuracy": 0.5576923076923077,
    "precision": 0.38430311231393777,
    "recall": 0.2222222222222222,
    "f1": 0.2816063460585027,
    "roc_auc": 0.4850378547561646,
    "confusion_matrix": [
        [
            1543,
            455
        ],
        [
            994,
            284
        ]
    ],
    "classification_report": {
        "0": {
            "precision": 0.6081986598344501,
            "recall": 0.7722722722722722,
            "f1-score": 0.6804851157662624,
            "support": 1998.0
        },
        "1": {
            "precision": 0.38430311231393777,
            "recall": 0.2222222222222222,
            "f1-score": 0.2816063460585027,
            "support": 1278.0
        },
        "accuracy": 0.5576923076923077,
        "macro avg": {
            "precision": 0.49625088607419393,
            "recall": 0.4972472472472472,
            "f1-score": 0.48104573091238256,
            "support": 3276.0
        },
        "weighted avg": {
            "precision": 0.5208547923951293,
            "recall": 0.5576923076923077,
            "f1-score": 0.5248785627484001,
            "support": 3276.0
        }
    }
}