{
    "accuracy": 0.6098901098901099,
    "precision": 0.0,
    "recall": 0.0,
    "f1": 0.0,
    "roc_auc": 0.4776098477193939,
    "confusion_matrix": [
        [
            1998,
            0
        ],
        [
            1278,
            0
        ]
    ],
    "classification_report": {
        "0": {
            "precision": 0.6098901098901099,
            "recall": 1.0,
            "f1-score": 0.757679180887372,
            "support": 1998.0
        },
        "1": {
            "precision": 0.0,
            "recall": 0.0,
            "f1-score": 0.0,
            "support": 1278.0
        },
        "accuracy": 0.6098901098901099,
        "macro avg": {
            "precision": 0.30494505494505497,
            "recall": 0.5,
            "f1-score": 0.378839590443686,
            "support": 3276.0
        },
        "weighted avg": {
            "precision": 0.3719659461417703,
            "recall": 0.6098901098901099,
            "f1-score": 0.46210103889284776,
            "support": 3276.0
        }
    }
}