{
    "accuracy": 0.6742979242979243,
    "precision": 0.7032755298651252,
    "recall": 0.2856025039123631,
    "f1": 0.4062326099053979,
    "roc_auc": 0.6871133653215031,
    "confusion_matrix": [
        [
            1844,
            154
        ],
        [
            913,
            365
        ]
    ],
    "classification_report": {
        "0": {
            "precision": 0.6688429452303228,
            "recall": 0.9229229229229229,
            "f1-score": 0.7756046267087277,
            "support": 1998.0
        },
        "1": {
            "precision": 0.7032755298651252,
            "recall": 0.2856025039123631,
            "f1-score": 0.4062326099053979,
            "support": 1278.0
        },
        "accuracy": 0.6742979242979243,
        "macro avg": {
            "precision": 0.686059237547724,
            "recall": 0.604262713417643,
            "f1-score": 0.5909186183070627,
            "support": 3276.0
        },
        "weighted avg": {
            "precision": 0.6822754370384051,
            "recall": 0.6742979242979243,
            "f1-score": 0.6315089498239121,
            "support": 3276.0
        }
    }
}