{
    "accuracy": 0.6437728937728938,
    "precision": 0.5573940020682523,
    "recall": 0.4217527386541471,
    "f1": 0.4801781737193764,
    "roc_auc": 0.6542896574195479,
    "confusion_matrix": [
        [
            1570,
            428
        ],
        [
            739,
            539
        ]
    ],
    "classification_report": {
        "0": {
            "precision": 0.6799480294499783,
            "recall": 0.7857857857857858,
            "f1-score": 0.7290457394938472,
            "support": 1998.0
        },
        "1": {
            "precision": 0.5573940020682523,
            "recall": 0.4217527386541471,
            "f1-score": 0.4801781737193764,
            "support": 1278.0
        },
        "accuracy": 0.6437728937728938,
        "macro avg": {
            "precision": 0.6186710157591153,
            "recall": 0.6037692622199664,
            "f1-score": 0.6046119566066118,
            "support": 3276.0
        },
        "weighted avg": {
            "precision": 0.6321384912955686,
            "recall": 0.6437728937728938,
            "f1-score": 0.6319600407576524,
            "support": 3276.0
        }
    }
}